<galaxy>
	<star name="Sol" temp="100" x="0" y="0" size="1.0" numPlanets="0" numGasGiants="0" >
		<planet name="Earth" DIMID="0" dimMapping="">
			<isKnown>true</isKnown>
			<fogColor>1.0,1.0,1.0</fogColor>
			<skyColor>1.0,1.0,1.0</skyColor>
			<gravitationalMultiplier>100</gravitationalMultiplier>
			<orbitalDistance>100</orbitalDistance>
			<orbitalPhi>0</orbitalPhi>
			<rotationalPeriod>24000</rotationalPeriod>
			<atmosphereDensity>100</atmosphereDensity>
			<planet name="Luna" DIMID="3">
				<isKnown>false</isKnown>
				<fogColor>1.0,1.0,1.0</fogColor>
				<skyColor>1.0,1.0,1.0</skyColor>
				<gravitationalMultiplier>16</gravitationalMultiplier>
				<orbitalDistance>150</orbitalDistance>
				<orbitalPhi>0</orbitalPhi>
				<rotationalPeriod>128000</rotationalPeriod>
				<atmosphereDensity>0</atmosphereDensity>
				<biomeIds>advancedrocketry:moon,advancedrocketry:moondark</biomeIds>
			</planet>
		</planet>
		<planet name="Sol-18" DIMID="18">
			<isKnown>false</isKnown>
			<hasRings>true</hasRings>
			<ringColor>0.0,0.9361559,1.0</ringColor>
			<fogColor>1.0,1.0,1.0</fogColor>
			<skyColor>0.0,0.9361559,1.0</skyColor>
			<gravitationalMultiplier>130</gravitationalMultiplier>
			<orbitalDistance>200</orbitalDistance>
			<orbitalPhi>-8</orbitalPhi>
			<rotationalPeriod>10923</rotationalPeriod>
			<atmosphereDensity>15</atmosphereDensity>
			<biomeIds>advancedrocketry:moon,advancedrocketry:moondark</biomeIds>
		</planet>
		<planet name="Sol-19" DIMID="19">
			<isKnown>false</isKnown>
			<fogColor>1.0,1.0,1.0</fogColor>
			<skyColor>0.8,0.85908437,0.0</skyColor>
			<gravitationalMultiplier>94</gravitationalMultiplier>
			<orbitalDistance>82</orbitalDistance>
			<orbitalPhi>-4</orbitalPhi>
			<rotationalPeriod>28895</rotationalPeriod>
			<atmosphereDensity>189</atmosphereDensity>
			<biomeIds>advancedrocketry:hotdryrock</biomeIds>
			<oceanBlock>minecraft:lava</oceanBlock>
		</planet>
		<planet name="Sol-4" DIMID="4">
			<isKnown>false</isKnown>
			<GasGiant>true</GasGiant>
			<gas>hydrogen</gas>
			<gas>nitrogen</gas>
			<gas>oxygen</gas>
			<fogColor>1.0,1.0,1.0</fogColor>
			<skyColor>1.0,1.0,1.0</skyColor>
			<gravitationalMultiplier>130</gravitationalMultiplier>
			<orbitalDistance>200</orbitalDistance>
			<orbitalPhi>0</orbitalPhi>
			<rotationalPeriod>24000</rotationalPeriod>
			<atmosphereDensity>136</atmosphereDensity>
			<planet name="Sol-4: 0" DIMID="5">
				<isKnown>false</isKnown>
				<fogColor>1.0,1.0,1.0</fogColor>
				<skyColor>0.48154724,0.5861006,1.0</skyColor>
				<gravitationalMultiplier>73</gravitationalMultiplier>
				<orbitalDistance>107</orbitalDistance>
				<orbitalPhi>-1</orbitalPhi>
				<rotationalPeriod>61693</rotationalPeriod>
				<atmosphereDensity>31</atmosphereDensity>
				<biomeIds>biomesoplenty:phantasmagoric_inferno,minecraft:smaller_extreme_hills,minecraft:mutated_forest,biomesoplenty:prairie,biomesoplenty:pasture</biomeIds>
			</planet>
			<planet name="Sol-4: 1" DIMID="6">
				<isKnown>false</isKnown>
				<fogColor>1.0,1.0,1.0</fogColor>
				<skyColor>0.19186372,0.9154037,1.0</skyColor>
				<gravitationalMultiplier>82</gravitationalMultiplier>
				<orbitalDistance>133</orbitalDistance>
				<orbitalPhi>-2</orbitalPhi>
				<rotationalPeriod>43528</rotationalPeriod>
				<atmosphereDensity>19</atmosphereDensity>
				<seaLevel>43</seaLevel>
				<biomeIds>advancedrocketry:moon,advancedrocketry:moondark</biomeIds>
				<oceanBlock>advancedrocketry:oxygenfluid</oceanBlock>
			</planet>
			<planet name="Sol-4: 2" DIMID="7">
				<isKnown>false</isKnown>
				<fogColor>1.0,1.0,1.0</fogColor>
				<skyColor>0.085001886,0.61563504,1.0</skyColor>
				<gravitationalMultiplier>64</gravitationalMultiplier>
				<orbitalDistance>179</orbitalDistance>
				<orbitalPhi>-1</orbitalPhi>
				<rotationalPeriod>91552</rotationalPeriod>
				<atmosphereDensity>36</atmosphereDensity>
				<biomeIds>biomesoplenty:shrubland,biomesoplenty:tropical_island,biomesoplenty:mystic_grove,advancedrocketry:marsh,biomesoplenty:origin_island</biomeIds>
			</planet>
			<planet name="Sol-4: 3" DIMID="8">
				<isKnown>false</isKnown>
				<fogColor>1.0,1.0,1.0</fogColor>
				<skyColor>0.15591395,0.90190315,1.0</skyColor>
				<gravitationalMultiplier>40</gravitationalMultiplier>
				<orbitalDistance>165</orbitalDistance>
				<orbitalPhi>-3</orbitalPhi>
				<rotationalPeriod>375000</rotationalPeriod>
				<atmosphereDensity>36</atmosphereDensity>
				<biomeIds>biomesoplenty:visceral_heap,biomesoplenty:volcanic_island,biomesoplenty:wasteland,thaumcraft:eldritch,minecraft:mutated_savanna</biomeIds>
			</planet>
			<planet name="Sol-4: 4" DIMID="9">
				<isKnown>false</isKnown>
				<fogColor>1.0,1.0,1.0</fogColor>
				<skyColor>0.06775141,0.97742885,1.0</skyColor>
				<gravitationalMultiplier>47</gravitationalMultiplier>
				<orbitalDistance>159</orbitalDistance>
				<orbitalPhi>-8</orbitalPhi>
				<rotationalPeriod>231162</rotationalPeriod>
				<atmosphereDensity>24</atmosphereDensity>
				<seaLevel>75</seaLevel>
				<biomeIds>advancedrocketry:moon,advancedrocketry:moondark</biomeIds>
				<oceanBlock>advancedrocketry:oxygenfluid</oceanBlock>
			</planet>
		</planet>
		<planet name="Sol-20" DIMID="20">
			<isKnown>false</isKnown>
			<fogColor>1.0,1.0,1.0</fogColor>
			<skyColor>0.8,0.8299482,0.6846053</skyColor>
			<gravitationalMultiplier>114</gravitationalMultiplier>
			<orbitalDistance>45</orbitalDistance>
			<orbitalPhi>-4</orbitalPhi>
			<rotationalPeriod>16199</rotationalPeriod>
			<atmosphereDensity>61</atmosphereDensity>
			<biomeIds>biomesoplenty:prairie,advancedrocketry:stormland,minecraft:deep_ocean,minecraft:mesa_clear_rock,biomesoplenty:chaparral</biomeIds>
			<planet name="Sol-20: 0" DIMID="21">
				<isKnown>false</isKnown>
				<fogColor>1.0,1.0,1.0</fogColor>
				<skyColor>0.13399184,0.5968605,1.0</skyColor>
				<gravitationalMultiplier>72</gravitationalMultiplier>
				<orbitalDistance>146</orbitalDistance>
				<orbitalPhi>1</orbitalPhi>
				<rotationalPeriod>64300</rotationalPeriod>
				<atmosphereDensity>21</atmosphereDensity>
				<biomeIds>advancedrocketry:moon,advancedrocketry:moondark</biomeIds>
			</planet>
			<oceanBlock>minecraft:lava</oceanBlock>
		</planet>
		<planet name="Sol-22" DIMID="22">
			<isKnown>false</isKnown>
			<fogColor>1.0,1.0,1.0</fogColor>
			<skyColor>0.72741294,0.7095088,1.0</skyColor>
			<gravitationalMultiplier>114</gravitationalMultiplier>
			<orbitalDistance>136</orbitalDistance>
			<orbitalPhi>-7</orbitalPhi>
			<rotationalPeriod>16199</rotationalPeriod>
			<atmosphereDensity>79</atmosphereDensity>
			<biomeIds>minecraft:mutated_birch_forest_hills,biomesoplenty:mangrove,biomesoplenty:redwood_forest_edge,advancedrocketry:marsh,biomesoplenty:brushland</biomeIds>
		</planet>
		<planet name="Sol-23" DIMID="23">
			<isKnown>false</isKnown>
			<fogColor>1.0,1.0,1.0</fogColor>
			<skyColor>0.8,0.82936245,0.7956819</skyColor>
			<gravitationalMultiplier>130</gravitationalMultiplier>
			<orbitalDistance>157</orbitalDistance>
			<orbitalPhi>-4</orbitalPhi>
			<rotationalPeriod>10923</rotationalPeriod>
			<atmosphereDensity>142</atmosphereDensity>
			<seaLevel>48</seaLevel>
			<biomeIds>advancedrocketry:oceanspires,minecraft:swampland,biomesoplenty:redwood_forest_edge,minecraft:roofed_forest,buildcraftenergy:oil_desert,advancedrocketry:crystalchasms,advancedrocketry:space</biomeIds>
			<planet name="Sol-23: 0" DIMID="24">
				<isKnown>false</isKnown>
				<fogColor>1.0,1.0,1.0</fogColor>
				<skyColor>0.013805389,0.9032979,1.0</skyColor>
				<gravitationalMultiplier>68</gravitationalMultiplier>
				<orbitalDistance>170</orbitalDistance>
				<orbitalPhi>2</orbitalPhi>
				<rotationalPeriod>76328</rotationalPeriod>
				<atmosphereDensity>26</atmosphereDensity>
				<biomeIds>advancedrocketry:marsh,minecraft:mutated_jungle,minecraft:mutated_extreme_hills_with_trees,biomesoplenty:tropical_island,minecraft:stone_beach</biomeIds>
			</planet>
		</planet>
		<planet name="Sol-25" DIMID="25">
			<isKnown>false</isKnown>
			<fogColor>1.0,1.0,1.0</fogColor>
			<skyColor>0.8,0.679039,0.62332726</skyColor>
			<gravitationalMultiplier>95</gravitationalMultiplier>
			<orbitalDistance>128</orbitalDistance>
			<orbitalPhi>-4</orbitalPhi>
			<rotationalPeriod>27992</rotationalPeriod>
			<atmosphereDensity>129</atmosphereDensity>
			<biomeIds>minecraft:birch_forest_hills,biomesoplenty:oasis,biomesoplenty:coral_reef,biomesoplenty:phantasmagoric_inferno,biomesoplenty:mangrove,advancedrocketry:crystalchasms,advancedrocketry:space</biomeIds>
		</planet>
		<planet name="Sol-10" DIMID="10">
			<isKnown>false</isKnown>
			<fogColor>1.0,1.0,1.0</fogColor>
			<skyColor>0.8,0.59589326,0.0</skyColor>
			<gravitationalMultiplier>101</gravitationalMultiplier>
			<orbitalDistance>73</orbitalDistance>
			<orbitalPhi>-6</orbitalPhi>
			<rotationalPeriod>23294</rotationalPeriod>
			<atmosphereDensity>182</atmosphereDensity>
			<biomeIds>advancedrocketry:hotdryrock</biomeIds>
			<planet name="Sol-10: 0" DIMID="11">
				<isKnown>false</isKnown>
				<fogColor>1.0,1.0,1.0</fogColor>
				<skyColor>0.0,0.50780827,1.0</skyColor>
				<gravitationalMultiplier>66</gravitationalMultiplier>
				<orbitalDistance>179</orbitalDistance>
				<orbitalPhi>-3</orbitalPhi>
				<rotationalPeriod>83479</rotationalPeriod>
				<atmosphereDensity>14</atmosphereDensity>
				<biomeIds>advancedrocketry:moon,advancedrocketry:moondark</biomeIds>
			</planet>
			<planet name="Sol-10: 1" DIMID="12">
				<isKnown>false</isKnown>
				<fogColor>1.0,1.0,1.0</fogColor>
				<skyColor>0.27020723,0.7734765,1.0</skyColor>
				<gravitationalMultiplier>65</gravitationalMultiplier>
				<orbitalDistance>152</orbitalDistance>
				<orbitalPhi>-1</orbitalPhi>
				<rotationalPeriod>87391</rotationalPeriod>
				<atmosphereDensity>35</atmosphereDensity>
				<biomeIds>biomesoplenty:overgrown_cliffs,biomesoplenty:redwood_forest,minecraft:mutated_swampland,biomesoplenty:shrubland,biomesoplenty:lavender_fields</biomeIds>
			</planet>
			<planet name="Sol-10: 2" DIMID="13">
				<isKnown>false</isKnown>
				<fogColor>1.0,1.0,1.0</fogColor>
				<skyColor>0.52691674,0.6676872,1.0</skyColor>
				<gravitationalMultiplier>58</gravitationalMultiplier>
				<orbitalDistance>109</orbitalDistance>
				<orbitalPhi>1</orbitalPhi>
				<rotationalPeriod>123006</rotationalPeriod>
				<atmosphereDensity>37</atmosphereDensity>
				<biomeIds>biomesoplenty:mountain,minecraft:mesa,biomesoplenty:lush_swamp,minecraft:birch_forest_hills,biomesoplenty:wetland</biomeIds>
			</planet>
			<oceanBlock>minecraft:lava</oceanBlock>
		</planet>
		<planet name="Sol-26" DIMID="26">
			<isKnown>false</isKnown>
			<fogColor>1.0,1.0,1.0</fogColor>
			<skyColor>0.8,0.5647264,0.93920386</skyColor>
			<gravitationalMultiplier>130</gravitationalMultiplier>
			<orbitalDistance>75</orbitalDistance>
			<orbitalPhi>-2</orbitalPhi>
			<rotationalPeriod>10923</rotationalPeriod>
			<atmosphereDensity>51</atmosphereDensity>
			<biomeIds>biomesoplenty:kelp_forest,minecraft:mutated_taiga_cold,minecraft:extreme_hills_with_trees,minecraft:beaches,minecraft:mutated_extreme_hills</biomeIds>
			<planet name="Sol-26: 0" DIMID="27">
				<isKnown>false</isKnown>
				<hasRings>true</hasRings>
				<ringColor>0.5084622,0.5152254,1.0</ringColor>
				<fogColor>1.0,1.0,1.0</fogColor>
				<skyColor>0.5084622,0.5152254,1.0</skyColor>
				<gravitationalMultiplier>81</gravitationalMultiplier>
				<orbitalDistance>120</orbitalDistance>
				<orbitalPhi>0</orbitalPhi>
				<rotationalPeriod>45160</rotationalPeriod>
				<atmosphereDensity>37</atmosphereDensity>
				<biomeIds>minecraft:savanna_rock,biomesoplenty:cherry_blossom_grove,minecraft:mutated_birch_forest_hills,minecraft:mushroom_island_shore,biomesoplenty:overgrown_cliffs</biomeIds>
			</planet>
			<planet name="Sol-26: 1" DIMID="28">
				<isKnown>false</isKnown>
				<fogColor>1.0,1.0,1.0</fogColor>
				<skyColor>0.2963605,0.8764942,1.0</skyColor>
				<gravitationalMultiplier>88</gravitationalMultiplier>
				<orbitalDistance>140</orbitalDistance>
				<orbitalPhi>-1</orbitalPhi>
				<rotationalPeriod>35217</rotationalPeriod>
				<atmosphereDensity>27</atmosphereDensity>
				<biomeIds>biomesoplenty:flower_island,minecraft:desert_hills,biomesoplenty:marsh,thaumcraft:magical_forest,minecraft:birch_forest</biomeIds>
			</planet>
		</planet>
		<planet name="Sol-14" DIMID="14">
			<isKnown>false</isKnown>
			<fogColor>1.0,1.0,1.0</fogColor>
			<skyColor>0.7305621,0.50223285,1.0</skyColor>
			<gravitationalMultiplier>126</gravitationalMultiplier>
			<orbitalDistance>145</orbitalDistance>
			<orbitalPhi>-4</orbitalPhi>
			<rotationalPeriod>11997</rotationalPeriod>
			<atmosphereDensity>84</atmosphereDensity>
			<biomeIds>minecraft:ice_flats</biomeIds>
			<planet name="Sol-14: 1" DIMID="16">
				<isKnown>false</isKnown>
				<fogColor>1.0,1.0,1.0</fogColor>
				<skyColor>0.0,0.8129339,1.0</skyColor>
				<gravitationalMultiplier>62</gravitationalMultiplier>
				<orbitalDistance>183</orbitalDistance>
				<orbitalPhi>-2</orbitalPhi>
				<rotationalPeriod>100701</rotationalPeriod>
				<atmosphereDensity>30</atmosphereDensity>
				<seaLevel>60</seaLevel>
				<biomeIds>advancedrocketry:marsh,biomesoplenty:tropical_rainforest,minecraft:mutated_mesa_clear_rock,biomesoplenty:quagmire,minecraft:mesa_clear_rock</biomeIds>
			</planet>
			<planet name="Sol-14: 2" DIMID="17">
				<isKnown>false</isKnown>
				<fogColor>1.0,1.0,1.0</fogColor>
				<skyColor>0.16223532,0.59388983,1.0</skyColor>
				<gravitationalMultiplier>65</gravitationalMultiplier>
				<orbitalDistance>147</orbitalDistance>
				<orbitalPhi>-1</orbitalPhi>
				<rotationalPeriod>87391</rotationalPeriod>
				<atmosphereDensity>21</atmosphereDensity>
				<biomeIds>advancedrocketry:moon,advancedrocketry:moondark</biomeIds>
			</planet>
			<planet name="Sol-14: 0" DIMID="15">
				<isKnown>false</isKnown>
				<fogColor>1.0,1.0,1.0</fogColor>
				<skyColor>0.28494942,0.88569206,1.0</skyColor>
				<gravitationalMultiplier>57</gravitationalMultiplier>
				<orbitalDistance>130</orbitalDistance>
				<orbitalPhi>0</orbitalPhi>
				<rotationalPeriod>129594</rotationalPeriod>
				<atmosphereDensity>27</atmosphereDensity>
				<biomeIds>advancedrocketry:alien forest,minecraft:savanna_rock,minecraft:mushroom_island,biomesoplenty:visceral_heap,minecraft:mutated_plains</biomeIds>
			</planet>
		</planet>
	</star>
	<star name="Wolf 12" temp="10" x="300" y="-200" size="1.0" numPlanets="0" numGasGiants="0" >
		<planet name="Sol-32" DIMID="32">
			<isKnown>false</isKnown>
			<fogColor>1.0,1.0,1.0</fogColor>
			<skyColor>0.8,0.5172291,0.28608757</skyColor>
			<gravitationalMultiplier>107</gravitationalMultiplier>
			<orbitalDistance>85</orbitalDistance>
			<orbitalPhi>-3</orbitalPhi>
			<rotationalPeriod>19591</rotationalPeriod>
			<atmosphereDensity>139</atmosphereDensity>
			<biomeIds>minecraft:savanna,biomesoplenty:outback,advancedrocketry:stormland,minecraft:savanna_rock,biomesoplenty:xeric_shrubland,advancedrocketry:crystalchasms,advancedrocketry:space</biomeIds>
			<planet name="Sol-32: 0" DIMID="33">
				<isKnown>false</isKnown>
				<fogColor>1.0,1.0,1.0</fogColor>
				<skyColor>0.3484596,0.6270902,1.0</skyColor>
				<gravitationalMultiplier>61</gravitationalMultiplier>
				<orbitalDistance>125</orbitalDistance>
				<orbitalPhi>0</orbitalPhi>
				<rotationalPeriod>105735</rotationalPeriod>
				<atmosphereDensity>34</atmosphereDensity>
				<biomeIds>minecraft:mutated_birch_forest_hills,minecraft:mutated_jungle,minecraft:birch_forest,advancedrocketry:oceanspires,minecraft:ocean</biomeIds>
			</planet>
			<planet name="Sol-32: 1" DIMID="34">
				<isKnown>false</isKnown>
				<fogColor>1.0,1.0,1.0</fogColor>
				<skyColor>0.0,0.9475195,1.0</skyColor>
				<gravitationalMultiplier>41</gravitationalMultiplier>
				<orbitalDistance>199</orbitalDistance>
				<orbitalPhi>-5</orbitalPhi>
				<rotationalPeriod>348224</rotationalPeriod>
				<atmosphereDensity>32</atmosphereDensity>
				<biomeIds>minecraft:birch_forest,biomesoplenty:shrubland,minecraft:deep_ocean,minecraft:mesa,minecraft:mesa_clear_rock</biomeIds>
			</planet>
			<oceanBlock>minecraft:lava</oceanBlock>
		</planet>
		<planet name="Sol-35" DIMID="35">
			<isKnown>false</isKnown>
			<fogColor>1.0,1.0,1.0</fogColor>
			<skyColor>0.10507989,0.8529806,1.0</skyColor>
			<gravitationalMultiplier>108</gravitationalMultiplier>
			<orbitalDistance>194</orbitalDistance>
			<orbitalPhi>0</orbitalPhi>
			<rotationalPeriod>19051</rotationalPeriod>
			<atmosphereDensity>56</atmosphereDensity>
			<seaLevel>82</seaLevel>
			<biomeIds>biomesoplenty:woodland,biomesoplenty:redwood_forest_edge,minecraft:mesa_rock,biomesoplenty:moor,minecraft:mutated_jungle</biomeIds>
		</planet>
		<planet name="Sol-36" DIMID="36">
			<isKnown>false</isKnown>
			<fogColor>1.0,1.0,1.0</fogColor>
			<skyColor>0.8,0.6623069,0.91809005</skyColor>
			<gravitationalMultiplier>130</gravitationalMultiplier>
			<orbitalDistance>164</orbitalDistance>
			<orbitalPhi>-1</orbitalPhi>
			<rotationalPeriod>10923</rotationalPeriod>
			<atmosphereDensity>132</atmosphereDensity>
			<biomeIds>biomesoplenty:cold_desert,minecraft:taiga,minecraft:mutated_ice_flats,minecraft:taiga_cold,biomesoplenty:pasture</biomeIds>
			<planet name="Sol-36: 0" DIMID="37">
				<isKnown>false</isKnown>
				<fogColor>1.0,1.0,1.0</fogColor>
				<skyColor>0.0,0.7972279,1.0</skyColor>
				<gravitationalMultiplier>56</gravitationalMultiplier>
				<orbitalDistance>189</orbitalDistance>
				<orbitalPhi>1</orbitalPhi>
				<rotationalPeriod>136661</rotationalPeriod>
				<atmosphereDensity>35</atmosphereDensity>
				<biomeIds>nuclearcraft:nuclear_wasteland,minecraft:mutated_roofed_forest,minecraft:mutated_birch_forest,biomesoplenty:origin_island,biomesoplenty:moor</biomeIds>
			</planet>
		</planet>
		<planet name="Sol-38" DIMID="38">
			<isKnown>false</isKnown>
			<fogColor>1.0,1.0,1.0</fogColor>
			<skyColor>0.8,0.65767026,0.25843358</skyColor>
			<gravitationalMultiplier>130</gravitationalMultiplier>
			<orbitalDistance>0</orbitalDistance>
			<orbitalPhi>0</orbitalPhi>
			<rotationalPeriod>10923</rotationalPeriod>
			<atmosphereDensity>75</atmosphereDensity>
			<biomeIds>minecraft:mutated_jungle_edge,biomesoplenty:oasis,minecraft:deep_ocean,minecraft:mutated_jungle,biomesoplenty:kelp_forest</biomeIds>
			<planet name="Sol-38: 0" DIMID="39">
				<isKnown>false</isKnown>
				<fogColor>1.0,1.0,1.0</fogColor>
				<skyColor>0.0,0.6582418,1.0</skyColor>
				<gravitationalMultiplier>49</gravitationalMultiplier>
				<orbitalDistance>182</orbitalDistance>
				<orbitalPhi>-2</orbitalPhi>
				<rotationalPeriod>203996</rotationalPeriod>
				<atmosphereDensity>33</atmosphereDensity>
				<biomeIds>minecraft:ocean,minecraft:beaches,biomesoplenty:redwood_forest,thaumcraft:eldritch,minecraft:mutated_savanna</biomeIds>
			</planet>
			<planet name="Sol-38: 1" DIMID="40">
				<isKnown>false</isKnown>
				<fogColor>1.0,1.0,1.0</fogColor>
				<skyColor>0.0,0.934122,1.0</skyColor>
				<gravitationalMultiplier>45</gravitationalMultiplier>
				<orbitalDistance>198</orbitalDistance>
				<orbitalPhi>-2</orbitalPhi>
				<rotationalPeriod>263374</rotationalPeriod>
				<atmosphereDensity>16</atmosphereDensity>
				<biomeIds>advancedrocketry:moon,advancedrocketry:moondark</biomeIds>
			</planet>
			<oceanBlock>minecraft:lava</oceanBlock>
		</planet>
		<planet name="Sol-29" DIMID="29">
			<isKnown>false</isKnown>
			<fogColor>1.0,1.0,1.0</fogColor>
			<skyColor>0.8,0.77997756,0.0</skyColor>
			<gravitationalMultiplier>104</gravitationalMultiplier>
			<orbitalDistance>39</orbitalDistance>
			<orbitalPhi>-4</orbitalPhi>
			<rotationalPeriod>20732</rotationalPeriod>
			<atmosphereDensity>173</atmosphereDensity>
			<biomeIds>advancedrocketry:hotdryrock</biomeIds>
			<planet name="Sol-29: 0" DIMID="30">
				<isKnown>false</isKnown>
				<fogColor>1.0,1.0,1.0</fogColor>
				<skyColor>0.483024,0.5925313,1.0</skyColor>
				<gravitationalMultiplier>63</gravitationalMultiplier>
				<orbitalDistance>100</orbitalDistance>
				<orbitalPhi>-2</orbitalPhi>
				<rotationalPeriod>95981</rotationalPeriod>
				<atmosphereDensity>29</atmosphereDensity>
				<biomeIds>minecraft:deep_ocean,biomesoplenty:xeric_shrubland,minecraft:mutated_mesa_clear_rock,minecraft:mutated_birch_forest,thaumcraft:eerie</biomeIds>
			</planet>
			<planet name="Sol-29: 1" DIMID="31">
				<isKnown>false</isKnown>
				<fogColor>1.0,1.0,1.0</fogColor>
				<skyColor>0.0,0.61178446,1.0</skyColor>
				<gravitationalMultiplier>47</gravitationalMultiplier>
				<orbitalDistance>197</orbitalDistance>
				<orbitalPhi>-2</orbitalPhi>
				<rotationalPeriod>231162</rotationalPeriod>
				<atmosphereDensity>18</atmosphereDensity>
				<seaLevel>82</seaLevel>
				<biomeIds>advancedrocketry:moon,advancedrocketry:moondark</biomeIds>
				<oceanBlock>advancedrocketry:oxygenfluid</oceanBlock>
			</planet>
			<oceanBlock>minecraft:lava</oceanBlock>
		</planet>
	</star>
	<star name="Epsilon ire" temp="170" x="-200" y="80" size="1.0" numPlanets="0" numGasGiants="0" >
		<planet name="Sol-48" DIMID="48">
			<isKnown>false</isKnown>
			<fogColor>1.0,1.0,1.0</fogColor>
			<skyColor>0.8,0.67908794,0.0</skyColor>
			<gravitationalMultiplier>107</gravitationalMultiplier>
			<orbitalDistance>17</orbitalDistance>
			<orbitalPhi>-3</orbitalPhi>
			<rotationalPeriod>19591</rotationalPeriod>
			<atmosphereDensity>149</atmosphereDensity>
			<biomeIds>advancedrocketry:hotdryrock</biomeIds>
			<planet name="Sol-48: 0" DIMID="49">
				<isKnown>false</isKnown>
				<fogColor>1.0,1.0,1.0</fogColor>
				<skyColor>0.05169654,0.94068676,1.0</skyColor>
				<gravitationalMultiplier>47</gravitationalMultiplier>
				<orbitalDistance>167</orbitalDistance>
				<orbitalPhi>-4</orbitalPhi>
				<rotationalPeriod>231162</rotationalPeriod>
				<atmosphereDensity>25</atmosphereDensity>
				<biomeIds>advancedrocketry:moon,advancedrocketry:moondark</biomeIds>
			</planet>
			<planet name="Sol-48: 1" DIMID="50">
				<isKnown>false</isKnown>
				<fogColor>1.0,1.0,1.0</fogColor>
				<skyColor>0.0,0.87709296,1.0</skyColor>
				<gravitationalMultiplier>62</gravitationalMultiplier>
				<orbitalDistance>189</orbitalDistance>
				<orbitalPhi>-3</orbitalPhi>
				<rotationalPeriod>100701</rotationalPeriod>
				<atmosphereDensity>26</atmosphereDensity>
				<seaLevel>53</seaLevel>
				<biomeIds>minecraft:jungle_hills,minecraft:mutated_birch_forest_hills,biomesoplenty:phantasmagoric_inferno,biomesoplenty:redwood_forest,minecraft:mesa_clear_rock</biomeIds>
			</planet>
			<planet name="Sol-48: 2" DIMID="51">
				<isKnown>false</isKnown>
				<fogColor>1.0,1.0,1.0</fogColor>
				<skyColor>0.24017364,0.9681697,1.0</skyColor>
				<gravitationalMultiplier>47</gravitationalMultiplier>
				<orbitalDistance>145</orbitalDistance>
				<orbitalPhi>0</orbitalPhi>
				<rotationalPeriod>231162</rotationalPeriod>
				<atmosphereDensity>31</atmosphereDensity>
				<biomeIds>minecraft:mutated_mesa_clear_rock,biomesoplenty:shrubland,minecraft:mutated_mesa,minecraft:savanna,minecraft:jungle_edge</biomeIds>
			</planet>
			<oceanBlock>minecraft:lava</oceanBlock>
		</planet>
		<planet name="Sol-52" DIMID="52">
			<isKnown>false</isKnown>
			<fogColor>1.0,1.0,1.0</fogColor>
			<skyColor>0.05322236,0.8244627,1.0</skyColor>
			<gravitationalMultiplier>130</gravitationalMultiplier>
			<orbitalDistance>138</orbitalDistance>
			<orbitalPhi>-7</orbitalPhi>
			<rotationalPeriod>10923</rotationalPeriod>
			<atmosphereDensity>4</atmosphereDensity>
			<seaLevel>44</seaLevel>
			<biomeIds>advancedrocketry:moon,advancedrocketry:moondark</biomeIds>
			<planet name="Sol-52: 0" DIMID="53">
				<isKnown>false</isKnown>
				<fogColor>1.0,1.0,1.0</fogColor>
				<skyColor>0.55512893,0.8955302,1.0</skyColor>
				<gravitationalMultiplier>88</gravitationalMultiplier>
				<orbitalDistance>108</orbitalDistance>
				<orbitalPhi>-5</orbitalPhi>
				<rotationalPeriod>35217</rotationalPeriod>
				<atmosphereDensity>37</atmosphereDensity>
				<biomeIds>minecraft:mushroom_island,minecraft:mutated_mesa,biomesoplenty:coral_reef,biomesoplenty:highland,biomesoplenty:eucalyptus_forest</biomeIds>
			</planet>
		</planet>
		<planet name="Sol-54" DIMID="54">
			<isKnown>false</isKnown>
			<fogColor>1.0,1.0,1.0</fogColor>
			<skyColor>0.8,0.5065367,0.0</skyColor>
			<gravitationalMultiplier>130</gravitationalMultiplier>
			<orbitalDistance>84</orbitalDistance>
			<orbitalPhi>-4</orbitalPhi>
			<rotationalPeriod>10923</rotationalPeriod>
			<atmosphereDensity>188</atmosphereDensity>
			<biomeIds>advancedrocketry:hotdryrock</biomeIds>
			<oceanBlock>minecraft:lava</oceanBlock>
		</planet>
		<planet name="Sol-41" DIMID="41">
			<isKnown>false</isKnown>
			<fogColor>1.0,1.0,1.0</fogColor>
			<skyColor>0.8,0.87764096,0.19130611</skyColor>
			<gravitationalMultiplier>96</gravitationalMultiplier>
			<orbitalDistance>65</orbitalDistance>
			<orbitalPhi>4</orbitalPhi>
			<rotationalPeriod>27126</rotationalPeriod>
			<atmosphereDensity>127</atmosphereDensity>
			<biomeIds>minecraft:ocean,minecraft:savanna,biomesoplenty:visceral_heap,minecraft:mutated_savanna,advancedrocketry:stormland,advancedrocketry:crystalchasms,advancedrocketry:space</biomeIds>
			<oceanBlock>minecraft:lava</oceanBlock>
		</planet>
		<planet name="Sol-42" DIMID="42">
			<isKnown>false</isKnown>
			<fogColor>1.0,1.0,1.0</fogColor>
			<skyColor>0.8,0.5948186,0.40535885</skyColor>
			<gravitationalMultiplier>130</gravitationalMultiplier>
			<orbitalDistance>114</orbitalDistance>
			<orbitalPhi>-6</orbitalPhi>
			<rotationalPeriod>10923</rotationalPeriod>
			<atmosphereDensity>136</atmosphereDensity>
			<biomeIds>advancedrocketry:stormland,minecraft:mutated_extreme_hills_with_trees,minecraft:mutated_redwood_taiga,nuclearcraft:nuclear_wasteland,minecraft:stone_beach,advancedrocketry:crystalchasms,advancedrocketry:space</biomeIds>
			<planet name="Sol-42: 0" DIMID="43">
				<isKnown>false</isKnown>
				<fogColor>1.0,1.0,1.0</fogColor>
				<skyColor>0.112160206,0.9098952,1.0</skyColor>
				<gravitationalMultiplier>54</gravitationalMultiplier>
				<orbitalDistance>153</orbitalDistance>
				<orbitalPhi>-2</orbitalPhi>
				<rotationalPeriod>152415</rotationalPeriod>
				<atmosphereDensity>17</atmosphereDensity>
				<biomeIds>advancedrocketry:moon,advancedrocketry:moondark</biomeIds>
			</planet>
			<planet name="Sol-42: 1" DIMID="44">
				<isKnown>false</isKnown>
				<fogColor>1.0,1.0,1.0</fogColor>
				<skyColor>0.27972513,0.8136758,1.0</skyColor>
				<gravitationalMultiplier>58</gravitationalMultiplier>
				<orbitalDistance>136</orbitalDistance>
				<orbitalPhi>-2</orbitalPhi>
				<rotationalPeriod>116857</rotationalPeriod>
				<atmosphereDensity>28</atmosphereDensity>
				<biomeIds>minecraft:deep_ocean,minecraft:extreme_hills_with_trees,minecraft:mutated_plains,biomesoplenty:mangrove,minecraft:mutated_jungle</biomeIds>
			</planet>
			<oceanBlock>minecraft:lava</oceanBlock>
		</planet>
		<planet name="Sol-45" DIMID="45">
			<isKnown>false</isKnown>
			<fogColor>1.0,1.0,1.0</fogColor>
			<skyColor>0.14234936,0.7077793,1.0</skyColor>
			<gravitationalMultiplier>124</gravitationalMultiplier>
			<orbitalDistance>175</orbitalDistance>
			<orbitalPhi>1</orbitalPhi>
			<rotationalPeriod>12587</rotationalPeriod>
			<atmosphereDensity>40</atmosphereDensity>
			<biomeIds>biomesoplenty:fungi_forest,minecraft:jungle_hills,biomesoplenty:phantasmagoric_inferno,biomesoplenty:mountain,minecraft:birch_forest</biomeIds>
			<planet name="Sol-45: 0" DIMID="46">
				<isKnown>false</isKnown>
				<fogColor>1.0,1.0,1.0</fogColor>
				<skyColor>0.0,0.57857573,1.0</skyColor>
				<gravitationalMultiplier>52</gravitationalMultiplier>
				<orbitalDistance>184</orbitalDistance>
				<orbitalPhi>0</orbitalPhi>
				<rotationalPeriod>170687</rotationalPeriod>
				<atmosphereDensity>19</atmosphereDensity>
				<seaLevel>75</seaLevel>
				<biomeIds>advancedrocketry:moon,advancedrocketry:moondark</biomeIds>
				<oceanBlock>advancedrocketry:oxygenfluid</oceanBlock>
			</planet>
		</planet>
		<planet name="Sol-47" DIMID="47">
			<isKnown>false</isKnown>
			<fogColor>1.0,1.0,1.0</fogColor>
			<skyColor>0.8,0.9082595,0.0</skyColor>
			<gravitationalMultiplier>94</gravitationalMultiplier>
			<orbitalDistance>77</orbitalDistance>
			<orbitalPhi>-2</orbitalPhi>
			<rotationalPeriod>28895</rotationalPeriod>
			<atmosphereDensity>174</atmosphereDensity>
			<biomeIds>advancedrocketry:hotdryrock</biomeIds>
			<oceanBlock>minecraft:lava</oceanBlock>
		</planet>
	</star>
	<star name="Proxima Centaurs" temp="200" x="-150" y="250" size="1.0" numPlanets="0" numGasGiants="0" >
		<planet name="Sol-55" DIMID="55">
			<isKnown>false</isKnown>
			<fogColor>1.0,1.0,1.0</fogColor>
			<skyColor>0.8,0.8078953,0.17563277</skyColor>
			<gravitationalMultiplier>130</gravitationalMultiplier>
			<orbitalDistance>78</orbitalDistance>
			<orbitalPhi>-2</orbitalPhi>
			<rotationalPeriod>10923</rotationalPeriod>
			<atmosphereDensity>138</atmosphereDensity>
			<biomeIds>advancedrocketry:stormland</biomeIds>
			<planet name="Sol-55: 0" DIMID="56">
				<isKnown>false</isKnown>
				<fogColor>1.0,1.0,1.0</fogColor>
				<skyColor>0.02845645,0.9125681,1.0</skyColor>
				<gravitationalMultiplier>76</gravitationalMultiplier>
				<orbitalDistance>180</orbitalDistance>
				<orbitalPhi>0</orbitalPhi>
				<rotationalPeriod>54672</rotationalPeriod>
				<atmosphereDensity>35</atmosphereDensity>
				<biomeIds>minecraft:savanna,minecraft:jungle_edge,biomesoplenty:rainforest,minecraft:mutated_birch_forest_hills,biomesoplenty:undergarden</biomeIds>
			</planet>
			<planet name="Sol-55: 1" DIMID="57">
				<isKnown>false</isKnown>
				<fogColor>1.0,1.0,1.0</fogColor>
				<skyColor>0.44580698,0.933565,1.0</skyColor>
				<gravitationalMultiplier>42</gravitationalMultiplier>
				<orbitalDistance>112</orbitalDistance>
				<orbitalPhi>-5</orbitalPhi>
				<rotationalPeriod>323939</rotationalPeriod>
				<atmosphereDensity>26</atmosphereDensity>
				<biomeIds>minecraft:mutated_birch_forest,minecraft:mushroom_island_shore,minecraft:mutated_savanna_rock,biomesoplenty:kelp_forest,biomesoplenty:grassland</biomeIds>
			</planet>
			<oceanBlock>minecraft:lava</oceanBlock>
		</planet>
		<planet name="Sol-58" DIMID="58">
			<isKnown>false</isKnown>
			<fogColor>1.0,1.0,1.0</fogColor>
			<skyColor>0.8,0.88819784,0.8719288</skyColor>
			<gravitationalMultiplier>110</gravitationalMultiplier>
			<orbitalDistance>125</orbitalDistance>
			<orbitalPhi>-7</orbitalPhi>
			<rotationalPeriod>18031</rotationalPeriod>
			<atmosphereDensity>95</atmosphereDensity>
			<biomeIds>minecraft:mutated_mesa_clear_rock,buildcraftenergy:oil_ocean,minecraft:mutated_jungle,biomesoplenty:white_beach,biomesoplenty:origin_beach</biomeIds>
		</planet>
		<planet name="Sol-59" DIMID="59">
			<isKnown>false</isKnown>
			<fogColor>1.0,1.0,1.0</fogColor>
			<skyColor>0.0,0.5986793,1.0</skyColor>
			<gravitationalMultiplier>120</gravitationalMultiplier>
			<orbitalDistance>170</orbitalDistance>
			<orbitalPhi>0</orbitalPhi>
			<rotationalPeriod>13888</rotationalPeriod>
			<atmosphereDensity>0</atmosphereDensity>
			<biomeIds>advancedrocketry:moon,advancedrocketry:moondark</biomeIds>
			<planet name="Sol-59: 0" DIMID="60">
				<isKnown>false</isKnown>
				<fogColor>1.0,1.0,1.0</fogColor>
				<skyColor>0.1448332,0.8055099,1.0</skyColor>
				<gravitationalMultiplier>79</gravitationalMultiplier>
				<orbitalDistance>160</orbitalDistance>
				<orbitalPhi>-6</orbitalPhi>
				<rotationalPeriod>48677</rotationalPeriod>
				<atmosphereDensity>32</atmosphereDensity>
				<biomeIds>minecraft:stone_beach,minecraft:birch_forest_hills,biomesoplenty:undergarden,minecraft:mutated_birch_forest_hills,minecraft:mutated_redwood_taiga</biomeIds>
			</planet>
			<planet name="Sol-59: 1" DIMID="61">
				<isKnown>false</isKnown>
				<fogColor>1.0,1.0,1.0</fogColor>
				<skyColor>0.0,0.5031073,1.0</skyColor>
				<gravitationalMultiplier>42</gravitationalMultiplier>
				<orbitalDistance>193</orbitalDistance>
				<orbitalPhi>-1</orbitalPhi>
				<rotationalPeriod>323939</rotationalPeriod>
				<atmosphereDensity>26</atmosphereDensity>
				<biomeIds>minecraft:swampland,minecraft:extreme_hills_with_trees,biomesoplenty:mystic_grove,minecraft:mutated_plains,biomesoplenty:mangrove</biomeIds>
			</planet>
			<planet name="Sol-59: 2" DIMID="62">
				<isKnown>false</isKnown>
				<fogColor>1.0,1.0,1.0</fogColor>
				<skyColor>0.011473358,0.59155077,1.0</skyColor>
				<gravitationalMultiplier>81</gravitationalMultiplier>
				<orbitalDistance>186</orbitalDistance>
				<orbitalPhi>0</orbitalPhi>
				<rotationalPeriod>45160</rotationalPeriod>
				<atmosphereDensity>30</atmosphereDensity>
				<biomeIds>minecraft:birch_forest,biomesoplenty:brushland,minecraft:mutated_jungle,biomesoplenty:eucalyptus_forest,minecraft:forest</biomeIds>
			</planet>
		</planet>
	</star>
	<star name="Magnis Vulpes" temp="70" x="-150" y="-250" size="1.0" numPlanets="0" numGasGiants="0" >
		<planet name="Sol-66" DIMID="66">
			<isKnown>false</isKnown>
			<fogColor>1.0,1.0,1.0</fogColor>
			<skyColor>0.8,0.81245995,0.99178797</skyColor>
			<gravitationalMultiplier>120</gravitationalMultiplier>
			<orbitalDistance>96</orbitalDistance>
			<orbitalPhi>-1</orbitalPhi>
			<rotationalPeriod>13888</rotationalPeriod>
			<atmosphereDensity>68</atmosphereDensity>
			<biomeIds>minecraft:ice_flats</biomeIds>
		</planet>
		<planet name="Sol-63" DIMID="63">
			<isKnown>false</isKnown>
			<fogColor>1.0,1.0,1.0</fogColor>
			<skyColor>0.8,0.915838,0.0</skyColor>
			<gravitationalMultiplier>107</gravitationalMultiplier>
			<orbitalDistance>17</orbitalDistance>
			<orbitalPhi>0</orbitalPhi>
			<rotationalPeriod>19591</rotationalPeriod>
			<atmosphereDensity>200</atmosphereDensity>
			<biomeIds>advancedrocketry:hotdryrock</biomeIds>
			<planet name="Sol-63: 0" DIMID="64">
				<isKnown>false</isKnown>
				<fogColor>1.0,1.0,1.0</fogColor>
				<skyColor>0.10543907,0.875495,1.0</skyColor>
				<gravitationalMultiplier>51</gravitationalMultiplier>
				<orbitalDistance>147</orbitalDistance>
				<orbitalPhi>9</orbitalPhi>
				<rotationalPeriod>180925</rotationalPeriod>
				<atmosphereDensity>15</atmosphereDensity>
				<biomeIds>advancedrocketry:moon,advancedrocketry:moondark</biomeIds>
			</planet>
			<planet name="Sol-63: 1" DIMID="65">
				<isKnown>false</isKnown>
				<fogColor>1.0,1.0,1.0</fogColor>
				<skyColor>0.0,0.8803022,1.0</skyColor>
				<gravitationalMultiplier>50</gravitationalMultiplier>
				<orbitalDistance>183</orbitalDistance>
				<orbitalPhi>-6</orbitalPhi>
				<rotationalPeriod>192000</rotationalPeriod>
				<atmosphereDensity>25</atmosphereDensity>
				<biomeIds>advancedrocketry:moon,advancedrocketry:moondark</biomeIds>
			</planet>
			<oceanBlock>minecraft:lava</oceanBlock>
		</planet>
	</star>
	<star name="Ma-Roo" temp="200" x="50" y="-250" size="1.0" numPlanets="0" numGasGiants="0" >
		<planet name="Sol-80" DIMID="80">
			<isKnown>false</isKnown>
			<fogColor>1.0,1.0,1.0</fogColor>
			<skyColor>0.6351949,0.6628522,1.0</skyColor>
			<gravitationalMultiplier>122</gravitationalMultiplier>
			<orbitalDistance>92</orbitalDistance>
			<orbitalPhi>1</orbitalPhi>
			<rotationalPeriod>13216</rotationalPeriod>
			<atmosphereDensity>23</atmosphereDensity>
			<seaLevel>50</seaLevel>
			<biomeIds>advancedrocketry:moon,advancedrocketry:moondark</biomeIds>
			<planet name="Sol-80: 0" DIMID="81">
				<isKnown>false</isKnown>
				<fogColor>1.0,1.0,1.0</fogColor>
				<skyColor>0.12514138,0.9938596,1.0</skyColor>
				<gravitationalMultiplier>81</gravitationalMultiplier>
				<orbitalDistance>161</orbitalDistance>
				<orbitalPhi>-5</orbitalPhi>
				<rotationalPeriod>45160</rotationalPeriod>
				<atmosphereDensity>20</atmosphereDensity>
				<seaLevel>73</seaLevel>
				<biomeIds>advancedrocketry:moon,advancedrocketry:moondark</biomeIds>
				<oceanBlock>advancedrocketry:oxygenfluid</oceanBlock>
			</planet>
		</planet>
		<planet name="Sol-67" DIMID="67">
			<isKnown>false</isKnown>
			<fogColor>1.0,1.0,1.0</fogColor>
			<skyColor>0.8,0.6945649,0.0</skyColor>
			<gravitationalMultiplier>130</gravitationalMultiplier>
			<orbitalDistance>6</orbitalDistance>
			<orbitalPhi>-5</orbitalPhi>
			<rotationalPeriod>10923</rotationalPeriod>
			<atmosphereDensity>152</atmosphereDensity>
			<biomeIds>advancedrocketry:hotdryrock</biomeIds>
			<planet name="Sol-67: 0" DIMID="68">
				<isKnown>false</isKnown>
				<fogColor>1.0,1.0,1.0</fogColor>
				<skyColor>0.30012792,0.57843405,1.0</skyColor>
				<gravitationalMultiplier>77</gravitationalMultiplier>
				<orbitalDistance>146</orbitalDistance>
				<orbitalPhi>-1</orbitalPhi>
				<rotationalPeriod>52570</rotationalPeriod>
				<atmosphereDensity>32</atmosphereDensity>
				<biomeIds>buildcraftenergy:oil_ocean,minecraft:stone_beach,thaumcraft:eldritch,biomesoplenty:orchard,minecraft:mutated_desert</biomeIds>
			</planet>
			<planet name="Sol-67: 1" DIMID="69">
				<isKnown>false</isKnown>
				<fogColor>1.0,1.0,1.0</fogColor>
				<skyColor>0.018599391,0.79494214,1.0</skyColor>
				<gravitationalMultiplier>58</gravitationalMultiplier>
				<orbitalDistance>187</orbitalDistance>
				<orbitalPhi>-6</orbitalPhi>
				<rotationalPeriod>123006</rotationalPeriod>
				<atmosphereDensity>33</atmosphereDensity>
				<biomeIds>minecraft:mutated_birch_forest,minecraft:mutated_plains,advancedrocketry:oceanspires,minecraft:mutated_extreme_hills_with_trees,minecraft:deep_ocean</biomeIds>
			</planet>
			<oceanBlock>minecraft:lava</oceanBlock>
		</planet>
		<planet name="Sol-70" DIMID="70">
			<isKnown>false</isKnown>
			<fogColor>1.0,1.0,1.0</fogColor>
			<skyColor>0.8,0.7028098,0.726709</skyColor>
			<gravitationalMultiplier>130</gravitationalMultiplier>
			<orbitalDistance>111</orbitalDistance>
			<orbitalPhi>0</orbitalPhi>
			<rotationalPeriod>10923</rotationalPeriod>
			<atmosphereDensity>103</atmosphereDensity>
			<biomeIds>biomesoplenty:orchard,minecraft:mutated_redwood_taiga,minecraft:frozen_ocean,minecraft:savanna,biomesoplenty:mystic_grove</biomeIds>
			<planet name="Sol-70: 0" DIMID="71">
				<isKnown>false</isKnown>
				<fogColor>1.0,1.0,1.0</fogColor>
				<skyColor>0.022018313,0.7873782,1.0</skyColor>
				<gravitationalMultiplier>50</gravitationalMultiplier>
				<orbitalDistance>166</orbitalDistance>
				<orbitalPhi>1</orbitalPhi>
				<rotationalPeriod>192000</rotationalPeriod>
				<atmosphereDensity>21</atmosphereDensity>
				<biomeIds>advancedrocketry:moon,advancedrocketry:moondark</biomeIds>
			</planet>
		</planet>
		<planet name="Sol-72" DIMID="72">
			<isKnown>false</isKnown>
			<fogColor>1.0,1.0,1.0</fogColor>
			<skyColor>0.24127096,0.8835546,1.0</skyColor>
			<gravitationalMultiplier>102</gravitationalMultiplier>
			<orbitalDistance>167</orbitalDistance>
			<orbitalPhi>0</orbitalPhi>
			<rotationalPeriod>22615</rotationalPeriod>
			<atmosphereDensity>42</atmosphereDensity>
			<biomeIds>minecraft:mutated_mesa_clear_rock,biomesoplenty:overgrown_cliffs,biomesoplenty:flower_island,minecraft:jungle_edge,biomesoplenty:highland</biomeIds>
			<planet name="Sol-72: 0" DIMID="73">
				<isKnown>false</isKnown>
				<fogColor>1.0,1.0,1.0</fogColor>
				<skyColor>0.4907325,0.93536615,1.0</skyColor>
				<gravitationalMultiplier>65</gravitationalMultiplier>
				<orbitalDistance>101</orbitalDistance>
				<orbitalPhi>0</orbitalPhi>
				<rotationalPeriod>87391</rotationalPeriod>
				<atmosphereDensity>16</atmosphereDensity>
				<seaLevel>52</seaLevel>
				<biomeIds>advancedrocketry:moon,advancedrocketry:moondark</biomeIds>
				<oceanBlock>advancedrocketry:oxygenfluid</oceanBlock>
			</planet>
			<planet name="Sol-72: 1" DIMID="74">
				<isKnown>false</isKnown>
				<fogColor>1.0,1.0,1.0</fogColor>
				<skyColor>0.18292904,0.8474574,1.0</skyColor>
				<gravitationalMultiplier>65</gravitationalMultiplier>
				<orbitalDistance>155</orbitalDistance>
				<orbitalPhi>0</orbitalPhi>
				<rotationalPeriod>87391</rotationalPeriod>
				<atmosphereDensity>25</atmosphereDensity>
				<biomeIds>advancedrocketry:moon,advancedrocketry:moondark</biomeIds>
			</planet>
		</planet>
		<planet name="Sol-75" DIMID="75">
			<isKnown>false</isKnown>
			<fogColor>1.0,1.0,1.0</fogColor>
			<skyColor>0.8,0.9044244,0.0</skyColor>
			<gravitationalMultiplier>102</gravitationalMultiplier>
			<orbitalDistance>119</orbitalDistance>
			<orbitalPhi>5</orbitalPhi>
			<rotationalPeriod>22615</rotationalPeriod>
			<atmosphereDensity>189</atmosphereDensity>
			<biomeIds>advancedrocketry:hotdryrock</biomeIds>
			<planet name="Sol-75: 0" DIMID="76">
				<isKnown>false</isKnown>
				<fogColor>1.0,1.0,1.0</fogColor>
				<skyColor>0.058747172,0.5465243,1.0</skyColor>
				<gravitationalMultiplier>70</gravitationalMultiplier>
				<orbitalDistance>175</orbitalDistance>
				<orbitalPhi>5</orbitalPhi>
				<rotationalPeriod>69970</rotationalPeriod>
				<atmosphereDensity>26</atmosphereDensity>
				<biomeIds>biomesoplenty:lush_swamp,biomesoplenty:fungi_forest,thaumcraft:magical_forest,biomesoplenty:lavender_fields,minecraft:mesa_rock</biomeIds>
			</planet>
			<planet name="Sol-75: 1" DIMID="77">
				<isKnown>false</isKnown>
				<fogColor>1.0,1.0,1.0</fogColor>
				<skyColor>0.44133687,0.9214686,1.0</skyColor>
				<gravitationalMultiplier>36</gravitationalMultiplier>
				<orbitalDistance>121</orbitalDistance>
				<orbitalPhi>-1</orbitalPhi>
				<rotationalPeriod>514403</rotationalPeriod>
				<atmosphereDensity>34</atmosphereDensity>
				<biomeIds>advancedrocketry:oceanspires,minecraft:mutated_mesa_clear_rock,biomesoplenty:woodland,minecraft:savanna,minecraft:stone_beach</biomeIds>
			</planet>
			<oceanBlock>minecraft:lava</oceanBlock>
		</planet>
		<planet name="Sol-78" DIMID="78">
			<isKnown>false</isKnown>
			<fogColor>1.0,1.0,1.0</fogColor>
			<skyColor>0.8,0.5721921,0.16568041</skyColor>
			<gravitationalMultiplier>130</gravitationalMultiplier>
			<orbitalDistance>58</orbitalDistance>
			<orbitalPhi>-8</orbitalPhi>
			<rotationalPeriod>10923</rotationalPeriod>
			<atmosphereDensity>122</atmosphereDensity>
			<seaLevel>59</seaLevel>
			<biomeIds>advancedrocketry:hotdryrock</biomeIds>
			<planet name="Sol-78: 0" DIMID="79">
				<isKnown>false</isKnown>
				<fogColor>1.0,1.0,1.0</fogColor>
				<skyColor>0.0816772,0.82219076,1.0</skyColor>
				<gravitationalMultiplier>60</gravitationalMultiplier>
				<orbitalDistance>146</orbitalDistance>
				<orbitalPhi>0</orbitalPhi>
				<rotationalPeriod>111111</rotationalPeriod>
				<atmosphereDensity>13</atmosphereDensity>
				<biomeIds>advancedrocketry:moon,advancedrocketry:moondark</biomeIds>
			</planet>
			<oceanBlock>minecraft:lava</oceanBlock>
		</planet>
	</star>
	<star name="Alykitt" temp="120" x="75" y="200" size="1.0" numPlanets="0" numGasGiants="0" >
		<planet name="Sol-82" DIMID="82">
			<isKnown>false</isKnown>
			<GasGiant>true</GasGiant>
			<gas>hydrogen</gas>
			<gas>nitrogen</gas>
			<gas>oxygen</gas>
			<fogColor>1.0,1.0,1.0</fogColor>
			<skyColor>1.0,1.0,1.0</skyColor>
			<gravitationalMultiplier>128</gravitationalMultiplier>
			<orbitalDistance>200</orbitalDistance>
			<orbitalPhi>0</orbitalPhi>
			<rotationalPeriod>24000</rotationalPeriod>
			<atmosphereDensity>186</atmosphereDensity>
			<planet name="Sol-82: 0" DIMID="83">
				<isKnown>false</isKnown>
				<fogColor>1.0,1.0,1.0</fogColor>
				<skyColor>0.1522798,0.6725513,1.0</skyColor>
				<gravitationalMultiplier>43</gravitationalMultiplier>
				<orbitalDistance>139</orbitalDistance>
				<orbitalPhi>-8</orbitalPhi>
				<rotationalPeriod>301860</rotationalPeriod>
				<atmosphereDensity>14</atmosphereDensity>
				<biomeIds>advancedrocketry:moon,advancedrocketry:moondark</biomeIds>
			</planet>
			<planet name="Sol-82: 1" DIMID="84">
				<isKnown>false</isKnown>
				<fogColor>1.0,1.0,1.0</fogColor>
				<skyColor>0.23002762,0.9836283,1.0</skyColor>
				<gravitationalMultiplier>82</gravitationalMultiplier>
				<orbitalDistance>160</orbitalDistance>
				<orbitalPhi>-5</orbitalPhi>
				<rotationalPeriod>43528</rotationalPeriod>
				<atmosphereDensity>37</atmosphereDensity>
				<biomeIds>biomesoplenty:bamboo_forest,biomesoplenty:mountain_foothills,biomesoplenty:redwood_forest,biomesoplenty:volcanic_island,minecraft:mutated_redwood_taiga_hills</biomeIds>
			</planet>
			<planet name="Sol-82: 2" DIMID="85">
				<isKnown>false</isKnown>
				<fogColor>1.0,1.0,1.0</fogColor>
				<skyColor>0.4531687,0.9859291,1.0</skyColor>
				<gravitationalMultiplier>74</gravitationalMultiplier>
				<orbitalDistance>111</orbitalDistance>
				<orbitalPhi>-5</orbitalPhi>
				<rotationalPeriod>59226</rotationalPeriod>
				<atmosphereDensity>29</atmosphereDensity>
				<biomeIds>minecraft:desert_hills,biomesoplenty:steppe,biomesoplenty:pasture,minecraft:deep_ocean,biomesoplenty:phantasmagoric_inferno</biomeIds>
			</planet>
			<planet name="Sol-82: 3" DIMID="86">
				<isKnown>false</isKnown>
				<fogColor>1.0,1.0,1.0</fogColor>
				<skyColor>0.39792264,0.9185296,1.0</skyColor>
				<gravitationalMultiplier>43</gravitationalMultiplier>
				<orbitalDistance>109</orbitalDistance>
				<orbitalPhi>0</orbitalPhi>
				<rotationalPeriod>301860</rotationalPeriod>
				<atmosphereDensity>16</atmosphereDensity>
				<biomeIds>advancedrocketry:moon,advancedrocketry:moondark</biomeIds>
			</planet>
		</planet>
		<planet name="Sol-87" DIMID="87">
			<isKnown>false</isKnown>
			<fogColor>1.0,1.0,1.0</fogColor>
			<skyColor>0.8,0.55854756,0.02178973</skyColor>
			<gravitationalMultiplier>130</gravitationalMultiplier>
			<orbitalDistance>32</orbitalDistance>
			<orbitalPhi>1</orbitalPhi>
			<rotationalPeriod>10923</rotationalPeriod>
			<atmosphereDensity>120</atmosphereDensity>
			<seaLevel>61</seaLevel>
			<biomeIds>advancedrocketry:hotdryrock</biomeIds>
			<oceanBlock>minecraft:lava</oceanBlock>
		</planet>
		<planet name="Sol-88" DIMID="88">
			<isKnown>false</isKnown>
			<fogColor>1.0,1.0,1.0</fogColor>
			<skyColor>0.40978163,0.6828063,1.0</skyColor>
			<gravitationalMultiplier>130</gravitationalMultiplier>
			<orbitalDistance>157</orbitalDistance>
			<orbitalPhi>0</orbitalPhi>
			<rotationalPeriod>10923</rotationalPeriod>
			<atmosphereDensity>56</atmosphereDensity>
			<biomeIds>minecraft:swampland,minecraft:mutated_birch_forest_hills,minecraft:deep_ocean,advancedrocketry:oceanspires,biomesoplenty:corrupted_sands</biomeIds>
			<planet name="Sol-88: 0" DIMID="89">
				<isKnown>false</isKnown>
				<fogColor>1.0,1.0,1.0</fogColor>
				<skyColor>0.25306517,0.9710379,1.0</skyColor>
				<gravitationalMultiplier>48</gravitationalMultiplier>
				<orbitalDistance>150</orbitalDistance>
				<orbitalPhi>-8</orbitalPhi>
				<rotationalPeriod>217013</rotationalPeriod>
				<atmosphereDensity>32</atmosphereDensity>
				<seaLevel>51</seaLevel>
				<biomeIds>advancedrocketry:alien forest,randomthings:spectral,minecraft:ocean,biomesoplenty:mountain,nuclearcraft:nuclear_wasteland</biomeIds>
			</planet>
			<planet name="Sol-88: 1" DIMID="90">
				<isKnown>false</isKnown>
				<fogColor>1.0,1.0,1.0</fogColor>
				<skyColor>0.4897442,0.85566413,1.0</skyColor>
				<gravitationalMultiplier>71</gravitationalMultiplier>
				<orbitalDistance>109</orbitalDistance>
				<orbitalPhi>0</orbitalPhi>
				<rotationalPeriod>67055</rotationalPeriod>
				<atmosphereDensity>29</atmosphereDensity>
				<biomeIds>minecraft:smaller_extreme_hills,biomesoplenty:eucalyptus_forest,minecraft:plains,thaumcraft:eerie,minecraft:mutated_extreme_hills_with_trees</biomeIds>
			</planet>
		</planet>
		<planet name="Sol-91" DIMID="91">
			<isKnown>false</isKnown>
			<fogColor>1.0,1.0,1.0</fogColor>
			<skyColor>0.35892802,0.94344735,1.0</skyColor>
			<gravitationalMultiplier>121</gravitationalMultiplier>
			<orbitalDistance>176</orbitalDistance>
			<orbitalPhi>-1</orbitalPhi>
			<rotationalPeriod>13547</rotationalPeriod>
			<atmosphereDensity>72</atmosphereDensity>
			<biomeIds>advancedrocketry:marsh,biomesoplenty:moor,biomesoplenty:quagmire,minecraft:mutated_birch_forest_hills,minecraft:savanna</biomeIds>
			<planet name="Sol-91: 0" DIMID="92">
				<isKnown>false</isKnown>
				<fogColor>1.0,1.0,1.0</fogColor>
				<skyColor>0.27425206,0.81277466,1.0</skyColor>
				<gravitationalMultiplier>73</gravitationalMultiplier>
				<orbitalDistance>141</orbitalDistance>
				<orbitalPhi>-4</orbitalPhi>
				<rotationalPeriod>61693</rotationalPeriod>
				<atmosphereDensity>32</atmosphereDensity>
				<biomeIds>biomesoplenty:tropical_rainforest,minecraft:mesa_rock,minecraft:mutated_savanna_rock,biomesoplenty:redwood_forest,biomesoplenty:wetland</biomeIds>
			</planet>
		</planet>
	</star>
</galaxy>